{
  "transactions": [
    {
      "from": "8937014057",
      "to": "1234567890",
      "amount": 3250,
      "id": 1
    }
  ],
  "beneficiary": [
    {
      "bName": "usman",
      "accountNumber": "1234567890",
      "IFSC": "000123",
      "addedBy": "8937014057",
      "id": 1
    }
  ],
  "users": [
    {
      "name": "krishna",
      "customerID": "1234",
      "IFSC": "OOO123",
      "balance": 3200,
      "userID": "krishna123",
      "mobile": "8888888888",
      "accountNumber": "8888888888",
      "password": "hi",
      "id": 1
    },
    {
      "name": "mayank",
      "customerID": "123",
      "IFSC": "OOO123",
      "balance": 10000,
      "userID": "mayank123",
      "mobile": "8937014057",
      "accountNumber": "8937014057",
      "password": "hello",
      "id": 2
    },
    {
      "name": "usman",
      "customerID": "12121",
      "IFSC": "OOO123",
      "balance": 4250,
      "userID": "usman12121",
      "mobile": "1234567890",
      "accountNumber": "1234567890",
      "password": "usman",
      "id": 3
    }
  ]
}