{
  "pets": [
    {
      "name": "tuffy",
      "age": "5",
      "ownerEmail": "mayankthakur231@gmail.com",
      "type": "Dog",
      "sell": "no",
      "sex": "Male",
      "image": "dog.jpg",
      "id": 1
    },
    {
      "name": "Kitty",
      "age": "3",
      "ownerEmail": "mayankthakur231@gmail.com",
      "sell": "no",
      "sex": "Female",
      "image": "cat.jpg",
      "id": 5
    },
    {
      "name": "Selly",
      "age": "1",
      "ownerEmail": "vmkrishna22@gmail.com",
      "type": "Cat",
      "sell": "no",
      "sex": "Female",
      "image": "cat.jpg",
      "id": 6
    },
    {
      "name": "harry",
      "age": "8",
      "ownerEmail": "mayankthakur231@gmail.com",
      "type": "Dog",
      "sell": "yes",
      "sex": "Female",
      "image": "dog.jpg",
      "id": 7
    },
    {
      "name": "Leo",
      "age": "1",
      "ownerEmail": "mayankthakur231@gmail.com",
      "type": "Dog",
      "sell": "yes",
      "sex": "Male",
      "image": "dog.jpg",
      "id": 8
    }
  ],
  "users": [
    {
      "name": "mayank",
      "email": "mayankthakur231@gmail.com",
      "phone": "8937014057",
      "password": "l",
      "id": 2
    },
    {
      "name": "Krishna",
      "email": "vmkrishna22@gmail.com",
      "phone": "1234567890",
      "password": "awaw",
      "id": 3
    }
  ]
}