{
  "orders": [
    {
      "items": [
        {
          "name": "Hot Wheels",
          "price": 1200,
          "quantity": 1,
          "id": 1
        },
        {
          "name": "Shampoo",
          "price": 200,
          "quantity": 2,
          "id": 2
        }
      ],
      "houseNumber": "302",
      "street": "Bhavaani Road",
      "phone": "+91-8765436554",
      "email": "mayankthakur231@gmail.com",
      "city": "Bangalore",
      "pincode": "560100",
      "total": 1600,
      "id": 1
    }
  ],
  "cart": [
    {
      "name": "Hot Wheels",
      "category": "toy",
      "ownerEmail": "vm",
      "price": 1200,
      "quantity": 1,
      "image": "hotwheels.jpg",
      "id": 1
    },
    {
      "name": "Shampoo",
      "category": "beauty",
      "ownerEmail": "mayankthakur231@gmail.com",
      "price": 200,
      "quantity": 3,
      "image": "shampoo.jpg",
      "id": 2
    },
    {
      "name": "Hot Wheels",
      "category": "toy",
      "ownerEmail": "mayankthakur231@gmail.com",
      "price": 1200,
      "quantity": 1,
      "image": "hotwheels.jpg",
      "id": 3
    }
  ],
  "products": [
    {
      "name": "Shampoo",
      "category": "beauty",
      "price": 200,
      "image": "shampoo.jpg"
    },
    {
      "name": "Hot Wheels",
      "category": "toy",
      "price": 1200,
      "image": "hotwheels.jpg"
    },
    {
      "name": "The Monk Who Sold His Ferrari",
      "category": "book",
      "price": 300,
      "image": "monk.jpg"
    },
    {
      "name": "Jacket",
      "category": "Clothes",
      "price": 3200,
      "image": "jacket.jpg"
    }
  ],
  "users": [
    {
      "name": "mayank",
      "email": "mayankthakur231@gmail.com",
      "phone": "8937014057",
      "password": "kilo",
      "id": 1
    },
    {
      "name": "krishna",
      "email": "krishna@gmail.com",
      "phone": "1234567890",
      "password": "mega",
      "id": 2
    },
    {
      "id": 3
    }
  ]
}